,ID,Author,Title,Score,Subreddit_Name,Url,Number_of_Comments,Upvote_Ratio,Post_Body,Date
0,i3mmsn,love_the_heat,r/jokes has a discord and you need to join!,257,Jokes,https://www.reddit.com/r/Jokes/comments/i3mmsn/rjokes_has_a_discord_and_you_need_to_join/,19,0.94,"Over 17k members!  Come see reposts in real time!  

https://discord.gg/jokes",2020-08-05 06:06:48
1,ics15s,carmabound,Reposts...,373,Jokes,https://www.reddit.com/r/Jokes/comments/ics15s/reposts/,3,0.96,"r/Jokes has a search feature, input the title or punchline of your joke (before posting) and if it's been posted within the last month - please don't submit it.",2020-08-20 06:52:27
2,ieaoxy,PotatoLatte,"As I handed my dad his 50th birthday card, he looked at me with tears in his eyes and said",18964,Jokes,https://www.reddit.com/r/Jokes/comments/ieaoxy/as_i_handed_my_dad_his_50th_birthday_card_he/,179,0.93,"Y‚Äôknow, one would have been enough.",2020-08-22 16:09:37
3,iebgex,_Armanius_,I had a call from a scammer the other day,8095,Jokes,https://www.reddit.com/r/Jokes/comments/iebgex/i_had_a_call_from_a_scammer_the_other_day/,139,0.95,"Me: ‚ÄúHello.‚Äù

NOT-Microsoft support: ‚ÄúHello. This is Bob Bobson from Microsoft Support. We are seeing a lot of virus activity from your device.‚Äù

Me: ‚ÄúOh no. My device? Are you sure?‚Äù

NOT-Microsoft support: ‚ÄúOh yes, we have many reports.‚Äù

Me: ‚ÄúOh jeez. How can I fix it?‚Äù>
NOT-Microsoft support: ‚ÄúIt‚Äôs OK sir. We can help you right now. Are you in front of your device sir?‚Äù

Me: ‚ÄúYes. I was just about to use it. I‚Äôm glad you called.‚Äù

NOT-Microsoft support: ‚ÄúYes sir, we are going to help you. Can you please push the Start button?‚Äù

Me: ‚ÄúI think it's already on.‚Äù

NOT-Microsoft support: ‚ÄúOkay, sir. Now you want to click on Control Panel.‚Äù

Me: ‚ÄúI don‚Äôt see that.‚Äù

NOT-Microsoft support: ‚ÄúDo you see a bunch of information above the Start button?‚Äù

Me: ‚ÄúYes.‚Äù

NOT-Microsoft support: ‚ÄúThat is your Control Panel.‚Äù

Me: ‚ÄúWow, I didn‚Äôt realize it had a name.‚Äù

NOT-Microsoft support: ‚ÄúYes sir, now press on Internet Options.‚Äù

Me: ‚ÄúYeah, I definitely don‚Äôt see any Internet options. I don‚Äôt think I purchased that feature. This is just a cheap one.‚Äù

NOT-Microsoft support: ‚ÄúThey all have the Internet sir. Press the Start button again.‚Äù

Me: ‚ÄúOK, it‚Äôs the same as before.‚Äù

NOT-Microsoft support: ‚ÄúThat‚Äôs OK sir. We are going to restart your device. Can you please turn it off?‚Äù

Me: ‚ÄúUmmm‚Ä¶I don‚Äôt know how. I‚Äôve never turned it off. Since I bought it, it just kind of stays on all the time.‚Äù

NOT-Microsoft support: ‚ÄúThere must be an off button on your device. How do you stop it when it‚Äôs running?‚Äù

Me: ‚ÄúIn those cases, I usually press the big button.‚Äù

NOT-Microsoft support: ‚ÄúOK sir. Please press that button.‚Äù

Me: ‚ÄúOk.‚Äù

NOT-Microsoft support: ‚ÄúIs your device off?‚Äù

Me: ‚ÄúNo. The door popped open.‚Äù

NOT-Microsoft support: ‚ÄúDoor? Is there a disc inside the door?‚Äù

Me: ‚ÄúNo, there‚Äôs a burrito.‚Äù

NOT-Microsoft support: ‚ÄúWhy is there a burrito in your computer?‚Äù

Me: ‚ÄúComputer? I thought you said this was microwave support.‚Äù",2020-08-22 17:04:48
4,ie0dgs,mbones2,"A woman was at her hairdresser's getting her hair styled for a trip to Rome with her husband. She mentioned the trip to the hairdresser, who responded:",29789,Jokes,https://www.reddit.com/r/Jokes/comments/ie0dgs/a_woman_was_at_her_hairdressers_getting_her_hair/,337,0.94,"
 
""Rome?  Why would anyone want to go there? It's crowded and dirty. You're crazy to go to Rome.  So, how are you getting there?‚Äù
 
""We're taking United‚Äù was the reply. ""We got a great rate!‚Äù        
 
‚ÄúUnited?"" exclaimed the hairdresser. "" That's a terrible airline.  Their planes are old, their flight attendants are ugly, and they're always late.  So, where are you staying in Rome?‚Äù  
 
""We'll be at this exclusive little place over on Rome's  Tiber River called Taste.‚Äù 
 
""Don't go any further.  I know that place.  Everybody thinks it's gonna be something special and exclusive, but it's really a dump.‚Äù 
 
""We're going to go to see the Vatican and maybe get to see the Pope.‚Äù
 
""That's rich,"" laughed the hairdresser. ‚ÄùYou and a million other people trying to see him.  He'll look the size of an ant. Boy, good luck on this lousy trip of yours. You're going to need it.‚Äù
 
A month later, the woman again came in for a hairdo.  The hairdresser asked her about her trip to Rome.
 
""It was wonderful,"" explained the woman, ""not only were we on time in one of United‚Äôs brand new planes, but it was overbooked, and they bumped us up to first class.  The food and wine were wonderful, and we had a handsome 28-year-old steward who waited on us hand and foot..        
 
And the Taste hotel was great!  They'd just finished a $5 million remodeling, and now it's a jewel, the finest hotel in the city.  They, too, were overbooked, so they apologized and gave us their owner's suite at no extra charge!‚Äù
 
""Well,"" muttered the hairdresser, ""that's all well and good, but I know you didn't get to see the Pope.‚Äù         
 
""Actually, we were quite lucky, because as we toured the Vatican, a Swiss Guard tapped me on the shoulder, and explained that the Pope likes to meet some of the visitors, and if I'd be so kind as to step into his private room and wait, the Pope would personally greet us.    
 
Sure enough, five minutes later, the Pope walked through the door and shook my hand!  I knelt down and he spoke a few words to me..‚Äù          
 
""Oh, really!  What'd he say?‚Äù     
 
He said: ""Who screwed up your hair?",2020-08-22 06:18:37
5,ie1ipa,cyclopropagative,"A husband and a wife over their marriage had eight kids.One day the husband notices that their sixth kid, Billy, looks very different from the other seven.",13780,Jokes,https://www.reddit.com/r/Jokes/comments/ie1ipa/a_husband_and_a_wife_over_their_marriage_had/,207,0.97,"The husband goes to his wife and asks her, ‚ÄúHoney, I noticed that Billy looks different from the other children, did you have an affair?‚Äù

The wife starts to break down into tears and nods her head.

The husband, heartbroken, quietly asks his wife, ‚ÄúSo who is Billy‚Äôs father?‚Äù

‚ÄúYou.‚Äù",2020-08-22 07:16:45
6,ie6rfk,_Armanius_,Guy runs into a bar and yells,1254,Jokes,https://www.reddit.com/r/Jokes/comments/ie6rfk/guy_runs_into_a_bar_and_yells/,42,0.97,"""Quick! How tall is a penguin?""


Bartender says ""Three feet tall.""


Guy says ""Oh my God! I just ran over a nun!""",2020-08-22 11:56:00
7,ie23ys,IBurntMySteak,"In Canada, you are more likely to die of a kick of a moose than a terrorist attack.",1810,Jokes,https://www.reddit.com/r/Jokes/comments/ie23ys/in_canada_you_are_more_likely_to_die_of_a_kick_of/,70,0.95,Those damn moose limbs.,2020-08-22 07:47:28
8,idyfpc,Mattski1984,A man walks up to the Widow at a funeral and asks if he can say a word.,2525,Jokes,https://www.reddit.com/r/Jokes/comments/idyfpc/a_man_walks_up_to_the_widow_at_a_funeral_and_asks/,104,0.94,"""Of course"", she replies.

The man plucks up the courage and says, ""Bargain"".

The Widow looks at him, teary eyed and says,

""Thank you so much, that means a great deal"".",2020-08-22 04:37:11
9,iee83m,SirMalcolmK,The year is 2018 and I don't jog. The year is 2019 and I don't jog. The year is 2020 and I still don't jog.,110,Jokes,https://www.reddit.com/r/Jokes/comments/iee83m/the_year_is_2018_and_i_dont_jog_the_year_is_2019/,5,0.91,This is a running joke.,2020-08-22 20:53:52
10,ie86sy,xenoman101,"After God created Adam, Adam came to God and said, ‚ÄúYou created all the animals and each one has a mate, but I‚Äôm alone. Can you create me one also?‚Äù",437,Jokes,https://www.reddit.com/r/Jokes/comments/ie86sy/after_god_created_adam_adam_came_to_god_and_said/,40,0.93,"God replied, ‚ÄúWell Adam, I can create a mate for you. It will be the crown of my creation, someone who will serve you, and your every need and desire. The most beautiful and loving creature. She will take care of you always , and give you all the respect that is deserving of you. The only thing is, it will cost you an arm and a leg.‚Äù  

Adam thought for a second and said, ‚ÄúWhat do you got for a rib?‚Äù",2020-08-22 13:21:52
11,idswhf,A7mel7,r/Jokes Has 19 Million subscribers!,32976,Jokes,https://www.reddit.com/r/Jokes/comments/idswhf/rjokes_has_19_million_subscribers/,391,0.92,It's amazing what 7 jokes can do,2020-08-21 21:52:46
12,ieef42,Brucemoose1,I went to get my hair cut today but there were so many in front of me.,88,Jokes,https://www.reddit.com/r/Jokes/comments/ieef42/i_went_to_get_my_hair_cut_today_but_there_were_so/,4,0.97,"After an hour the manager started to hand out hot dogs and burgers as an apology for the long wait.  

It was the Best Barber Queue ever!",2020-08-22 21:10:43
13,iea9va,iisimpleplayedii,"I couldn't join the KKK if I wanted to, my bloodline isn't pure enough.",181,Jokes,https://www.reddit.com/r/Jokes/comments/iea9va/i_couldnt_join_the_kkk_if_i_wanted_to_my/,9,0.93,Turns out my parents weren't even related.,2020-08-22 15:40:38
14,idz1i9,DarthVon,"Why are there two ""d""s in reddit?",1175,Jokes,https://www.reddit.com/r/Jokes/comments/idz1i9/why_are_there_two_ds_in_reddit/,60,0.9,The second one's a repost,2020-08-22 05:09:56
15,iefytd,awaisniazee,A punjabi joke (NSFW) Long,32,Jokes,https://www.reddit.com/r/Jokes/comments/iefytd/a_punjabi_joke_nsfw_long/,8,0.91,"An punjabi paratrooper‚Äôs mum has a dream that his son‚Äôs parachute doesn‚Äôt  open and he falls to his death. She pleads with him to not go to work today. He says ‚ÄúMum ! I can‚Äôt just not turn up, it‚Äôs army after all . I will however request my sergeant to spare me the jump today‚Äù

As planned he asks his sergeant but sergeants wants the real reason. Reluctantly he tells him the whole issue about the bad omen of his Mum‚Äôs dream. 

Sergeant: i cant relieve you of your duty but just to prove that this is just nonsense to believe in dreams in this day and age. I am going to swap my parachute with you. 

When the punjabi guy jumps , he nervously pulls  on shute cord. To his relief parachute opens just fine. He is happily floating slowly in the air , thinking he was stupid to believe in all this dream stuff. 

Till he feels something shoot by him at very high speed like a missile from above. He couldn‚Äôt understand what that was till he hears a voice lag saying 



YOUR MUM IS A CUNT",2020-08-22 23:39:35
16,iefmcp,BitchyOlive,I brought the love of my life some breakfast in bed...,35,Jokes,https://www.reddit.com/r/Jokes/comments/iefmcp/i_brought_the_love_of_my_life_some_breakfast_in/,0,0.85,"I don't know why she kept screaming, ""Who are you?"" and ""How the hell did you get into my house?""

It was really hurtful.",2020-08-22 23:06:48
17,ieep61,Coolcalmjeff,Masturbation is perfectly normal and healthy. It releases dopamine and reduces stress. Improves prostate gland and cardiovascular health....,42,Jokes,https://www.reddit.com/r/Jokes/comments/ieep61/masturbation_is_perfectly_normal_and_healthy_it/,2,0.93,Still got thrown off the bus.,2020-08-22 21:35:56
18,iec7lc,Beepitybops,I have 12 nipples,76,Jokes,https://www.reddit.com/r/Jokes/comments/iec7lc/i_have_12_nipples/,9,0.75,"I know, sounds crazy dozen tit?",2020-08-22 18:00:58
19,ieg1ml,atheon1181,I saw a werewolf behind the bus stop last night!,25,Jokes,https://www.reddit.com/r/Jokes/comments/ieg1ml/i_saw_a_werewolf_behind_the_bus_stop_last_night/,1,0.97,"Or a really hairy homeless guy.

Either way, the silver bullet worked!",2020-08-22 23:47:13
20,ie0vee,martininio,A monkey is smoking a joint,583,Jokes,https://www.reddit.com/r/Jokes/comments/ie0vee/a_monkey_is_smoking_a_joint/,19,0.95,"A monkey is sitting in a tree, smoking a joint, when a lizard walks past. The lizard looks up and says ""Hey, what are you doing?"" The monkey says ""Smoking a joint. Come up and join me""

So the lizard climbs up and sits next to the monkey, and they have another joint. After a while, the lizard says his mouth is 'dry', and that he's going to get a drink from the river.

At the riverbank, the lizard is so stoned that he leans over too far and falls in. A crocodile sees this and swims over to the stoned lizard, helping him to the side. 

He then asks the lizard ""What's the matter with you!?"" The lizard explains that he was up in the tree, smoking a joint with the monkey and his mouth got dry, and that he was so wasted that, when he went to get a drink from the river, he fell in!

The inquisitive crocodile says he has to check this out. He walks into the jungle and finds the tree where the monkey is sitting, finishing a joint. 

He looks up and says ""Hey, MONKEY!""

The monkey looks down and says ""OMG! DUUUUDE .... HOW MUCH WATER DID YOU DRINK?!""",2020-08-22 06:43:36
21,iefvt5,madazzahatter,"On Monday morning, the teacher walked into class and noticed someone had written the word ‚Äúpenis‚Äù in tiny letters on the blackboard. She turned around, couldn‚Äôt spot a guilty face, quickly erased it and began class...",24,Jokes,https://www.reddit.com/r/Jokes/comments/iefvt5/on_monday_morning_the_teacher_walked_into_class/,8,0.93,"

Tuesday, she was again greeted with ‚Äúpenis‚Äù on the blackboard, written in larger letters. 

She looked around in vain for the culprit and then proceeded with the day‚Äôs lesson.

Every morning for the rest of the week, ‚Äúpenis‚Äù was written on the board in larger and larger letters and each time, the teacher furiously erased it. 

By Friday, she‚Äôd had enough.

‚ÄúThat‚Äôs the last straw!"" she sputtered. ‚ÄúI ‚Äî I can‚Äôt believe this! Next Monday morning, I expect an explanation for this behavior!‚Äù

On Monday morning, the teacher confidently entered the classroom and looked at the board.

She saw, not a penis, but this message:

‚ÄúDon‚Äôt you know, the more you rub it, the bigger it gets?!‚Äù",2020-08-22 23:31:33
22,ie3k01,Mahakali923,[warning 18+],318,Jokes,https://www.reddit.com/r/Jokes/comments/ie3k01/warning_18/,54,0.72,19,2020-08-22 09:02:23
23,ie9vdd,porichoygupto,My friend was really proud of his British heritage until he found out that his grandfather was from Transylvania.,94,Jokes,https://www.reddit.com/r/Jokes/comments/ie9vdd/my_friend_was_really_proud_of_his_british/,7,0.94,Now he can‚Äôt even look at himself in the mirror.,2020-08-22 15:12:59
24,iefk00,Illustrious-Ask6579,I told my friend she was drawing her eyebrows too high.,19,Jokes,https://www.reddit.com/r/Jokes/comments/iefk00/i_told_my_friend_she_was_drawing_her_eyebrows_too/,0,0.86,She looked surprised.,2020-08-22 23:00:39
25,ieg6t3,SoSpursy,Science Trivia: What's it called when you see colors in the air that aren't actually there?,16,Jokes,https://www.reddit.com/r/Jokes/comments/ieg6t3/science_trivia_whats_it_called_when_you_see/,2,0.95,A pigment of your imagination,2020-08-23 00:00:50
26,ie7fck,OptimusLime5000,"My friend joined a cult. They believe that one day they will cease to exist in their human form, and become water vapor.",127,Jokes,https://www.reddit.com/r/Jokes/comments/ie7fck/my_friend_joined_a_cult_they_believe_that_one_day/,10,0.95,"I told him, ""you will be mist"".",2020-08-22 12:35:30
27,iea06s,iisimpleplayedii,How do you break up two blind guys fighting?,72,Jokes,https://www.reddit.com/r/Jokes/comments/iea06s/how_do_you_break_up_two_blind_guys_fighting/,10,0.92,"

Yell, ""My money's on the guy with the knife!""",2020-08-22 15:22:06
28,iegjf1,chesthairdude,I got into Yale!,13,Jokes,https://www.reddit.com/r/Jokes/comments/iegjf1/i_got_into_yale/,0,1.0,My janitorial shift starts tomorrow,2020-08-23 00:31:19
29,ieek39,Moon_to_Earth,‚ÄúWhere is the rake?‚Äù,21,Jokes,https://www.reddit.com/r/Jokes/comments/ieek39/where_is_the_rake/,0,0.9,"man is doing yard work and his wife is about to take a shower. The man realizes that he can‚Äôt find the rake. He yells up to his wife, ‚ÄúWhere is the rake?‚Äù

She can‚Äôt hear him and shouts back, ‚ÄúWhat?‚Äù The man first points to his eye, then points to his knee and finally makes a raking motion. The wife is not sure and says, ‚ÄúWhat?‚Äù The man repeats his gestures, mouthing ‚ÄúEYE KNEE ‚Äì THE RAKE.‚Äù

The wife replies that she understands and signals back. She first points to her eye, next she points to her left breast, then she points to her butt, and finally to her crotch.

Well, there is no way in hell the man can even come close on that one. Exasperated, he goes upstairs and asks her ‚ÄúWhat in the heck was that?‚Äù

She replies, ‚ÄúEYE ‚Äì LEFT TIT ‚Äì BEHIND ‚Äì THE BUSH""",2020-08-22 21:22:58
30,idxiyq,2soccer2bot,Daily Discussion,96,soccer,https://www.reddit.com/r/soccer/comments/idxiyq/daily_discussion/,2714,0.9,"This thread is for general football discussion and a place to ask quick questions.

New to the subreddit? Get your [team crest](https://www.reddit.com/r/soccer/wiki/flair) and have a read of [our rules](/r/soccer/wiki/rules#wiki_community_rules).

**Quick links**:

[](#icon-ball) [Match threads](/r/soccer/search?q=flair%3Amatch%2Bthread+AND+NOT+flair%3Apost+AND+NOT+flair%3Apre&restrict_sr=on&sort=new&t=day#res-hide-options)

[](#icon-whistle) [Post match threads](/r/soccer/search?q=flair%3Apost%2Bmatch&restrict_sr=on&sort=new&t=week#res-hide-options)

[](#icon-news) [League roundups](/r/soccer/search?q=flair%3Aroundup&sort=new&restrict_sr=on&t=week&feature=legacy_search#res-hide-options)

[](#icon-tv) [Watch highlights](/r/soccer/search?q=flair%3Amedia+OR+flair%3AMirror&restrict_sr=on&sort=hot&t=day#res-hide-options)

[](#icon-notes) [Read the news](/r/soccer/search?q=NOT+flair%3Amedia+AND+NOT+flair%3AMirror&restrict_sr=on&sort=hot&t=day#res-hide-options)

This thread is posted every 23 hours to give it a different start time each day.",2020-08-22 03:46:13
31,ieemxw,2soccer2bot,World Football Weekend,18,soccer,https://www.reddit.com/r/soccer/comments/ieemxw/world_football_weekend/,31,0.75,Tired of hearing only about Premier League/La Liga/Serie A/Mongolian First League? Then this is the space to highlight your local matches and celebrate all the football played around the world!,2020-08-22 21:30:16
32,ieb5z1,Cosmic-Kangaroo,"Even after stints with Chelsea, United and Inter; Lukaku‚Äôs last trophy still remains the Jupiler Pro League with Anderlecht back in 2009/10.",6733,soccer,https://www.transfermarkt.co.in/romelu-lukaku/erfolge/spieler/96341,420,0.99,,2020-08-22 16:43:47
33,ieffo9,KarimMostafaBenzema,"Sevilla president on the radio last night ""We beat Roma, that English team, then Manchester United, and then Inter Milan""",1167,soccer,https://twitter.com/philkitro/status/1297097448997953536?s=21,229,0.99,,2020-08-22 22:48:48
34,iegc5z,ankitm1,Daily Mail on Sterling buying his parents a house: 180K a week flop showing off his house.....hours after flying home in disgrace from Euro 2016. Daily Mail on Maguire's arrest: He is everything United wanted in a captain. So his arrest comes as a huge shock.,854,soccer,https://twitter.com/HLTCO/status/1297065868443168773,159,0.93,,2020-08-23 00:13:58
35,ie4pph,PSGAcademy,Sevilla [3] - 2 Inter - Lukaku OG 74' [2020 UEFA Europa League Final],9829,soccer,https://streamja.com/noyPB,1044,0.98,,2020-08-22 10:03:01
36,ieekkk,M7plusoneequalsm8,"Bayer Leverkusen chief Rudi Voller: ‚ÄúIn times of Corona, transfer fees have decreased for many players. But this is not the case with exceptional players like Kai Havertz or Jadon Sancho. There is no Corona discount for them.""",466,soccer,https://twitter.com/RealKevinPalmer/status/1297077641510629376,149,0.97,,2020-08-22 21:24:13
37,ie4vb3,melikdavid,"[Telegraph, Maguire update] Harry Maguire to spend second night in police cell",3577,soccer,https://www.telegraph.co.uk/football/2020/08/21/manchester-united-captain-harry-maguire-arrested-alleged-incident/,704,0.98,,2020-08-22 10:11:14
38,ie8xmg,trivialbob,"Luis Su√°rez: ""There is talk of names that the president gave, but nobody told me that they want me to leave; if this is the desire of the club, it would be good if the person in charge spoke to me directly.""",1574,soccer,https://www.ole.com.ar/futbol-internacional/espana/suarez-hablo-salida-barcelona_0_zOJn8AD9k.html,202,0.99,,2020-08-22 14:09:26
39,iefbrs,only1arsenewenger,"Welcome to The Arsenal, Salah üî¥",279,soccer,https://twitter.com/arsenal/status/1297096842669416449?s=21,77,0.76,,2020-08-22 22:38:09
40,ie0mf4,kazcmot,"Robertson: ""I saw what Davies did against Barcelona. Don't expect me to do something similar in the near future. It was amazing when he left 6 players behind. He's a phenomenal player and you should enjoy watching him. I do. In my opinion Davies is already a world class and he can get even better.""",6168,soccer,https://www.dieroten.pl/art/show/robertson-davies-juz-teraz-jest-graczem-klasy-swiatowej/36137,421,0.98,,2020-08-22 06:31:00
41,iegn7f,ThisIsAThrowaway9102,Harry Maguire 'fought outside Greek bar after his sister was stabbed in the arm',193,soccer,https://www.dailymail.co.uk/news/article-8653637/Harry-Maguire-fought-outside-Greek-bar-sister-stabbed-arm-local-media-claims.html,280,0.91,,2020-08-23 00:40:10
42,ie97tc,sempleat,Barcelona‚Äôs past 30 years and parallels to today,1146,soccer,https://www.reddit.com/r/soccer/comments/ie97tc/barcelonas_past_30_years_and_parallels_to_today/,123,0.98,"I made a comment about Barcelona‚Äôs past and how it parallels to the current situation in a post about Messi and someone suggested it could be a post of its own.

It‚Äôs important to put the present of a club into some sort of context: history tells us why things happen the way they do. There's more information up to 2012 because I think people already know a lot about it since then.

Honestly, if I was a Barca fan I would have hope - you just can‚Äôt be on top forever (not saying it‚Äôs acceptable to be so bad), all teams go through cycles of good and bad, ups and downs. Their time will come again and as discussed below and judged by history, it will always come with endless crisis and drama with patches of incredible triumph. There will be another era, and another end to that era too.

Remember what Pep [said](https://www.theguardian.com/football/blog/2012/apr/25/barcelona-pep-guardiola-chelsea) in 2012:

>Asked what he would say to the young Barcelona fan crying for the first time last night \[after exiting the Champions League\], Guardiola replied: ""Welcome to the club ‚Äì there will be many more times, too.""

**Origins: Nunez and Cruyff**

In 1988, Josep Lluis **Nunez** had been president of Barcelona for ten years - a conservative and stingy man. That year, the ‚ÄòHesperia Mutiny‚Äô occurred: the entire Barca squad called a press conference at which they demanded the resignation of the board, as a result of Nunez‚Äôs refusal to pay competitive wages, amongst other, dodgier business practices. Nunez reacted by sacking almost the entire squad, and the manager for good measure.

Nunez‚Äôs next move was the appointment of Johan **Cruyff**. Cruyff, who had cemented his status as a hero among fans with his stint as a player there in the 70s, was a huge success. He changed the entire culture of the club and constructed the foundation on which Barca‚Äôs recent successes were built. His team won 4 straight La Liga titles as well as Barca‚Äôs first European Cup. They were so good that they were known as the Dream Team.

However, Cruyff also had a massive ego and needed to get his way, which was a recipe for disaster in his relationship with Nunez.

In his heyday Cruyff was far too popular to sack. Nunez knew, though, that all he had to do was bide his time. The Dream Team came to a dismal end in 1994, after they lost the Champions League final that year, which they had been heavily favoured to win, 4-0.

Cruyff responded by dismantling the team and starting over, bringing in more young talent from the academy and foreign stars like Luis Figo, a serious young Portuguese player. The experiment didn‚Äôt quite work out, and results continued to slip. Cruyff was the kind of man who didn‚Äôt suffer fools at all, and he treated the salivating press pack that covered Spanish football with undisguised contempt when he felt they deserved it. They now felt free to give him some back.

Cruyff and Nunez‚Äôs disagreements became increasingly public, and in 1996 finally culminated in his acrimonious departure, which is reported to have included a rant in vice-president and super fan Joan **Gaspart‚Äôs** office in which Cruyff smashed a chair.

**Pep, qu√©date: Guardiola**

Cruyff had picked Pep **Guardiola** out of Barca‚Äôs youth team to become the on-field leader of the Dream Team. Cultured, charismatic, a natural leader and a fiercely committed Catalan nationalist, he very quickly attained cult hero status.

The politics of Barcelona and Spanish football in general meant that he also made powerful enemies, both inside and outside the club. Many associated with the conservative club hierarchy did not like how outspoken he was. Increasingly, they worried about the soft power he wielded, fearing he would turn it against them if he perceived them to be acting against the interests of the club.

An example of the difficulty Guardiola posed Nunez: at the end of 96/97, Nunez was being typically ham-fisted about extending Guardiola‚Äôs contract, which was due to expire, and Pep was prepared to pack up and leave at the end of the season.

At the big ceremony held at City Hall to celebrate Barca winning the Spanish Cup, star player Luis Figo led the fans in a chant of Nosotros te queremos, Pep, qu√©date, qu√©date, qu√©date (‚Äúwe love you, Pep, stay‚Äù). Rather ironically.

With the threat of an upcoming re-election campaign looming over him, Nunez could hardly afford to lose such a popular player. He backed down and Guardiola signed an extension.

In a way, those in charge at Barca were right to worry. Guardiola was unusually powerful for a player, and he never kept quiet when something struck him as wrong, even if it meant criticising those running the club. So it was almost inevitable that the whispering campaign against him began almost immediately as he came to prominence.

Vice-captain and club hero Luis Figo‚Äôs contract was up for renewal at the end of 99/00. Negotiations had stalled over the board‚Äôs usual penny-pinching ways. Meanwhile, Real Madrid presidential candidate Florentino Perez was campaigning on the daring but surely impossible promise of bringing Figo to Madrid.

In early July, Figo was still insisting that he would remain at Barca in an interview with local media.

But the pre-contract that was said not to exist did, in fact, exist. Perez won, Madrid paid Figo‚Äôs buy-out clause, and pig heads flew.

**Decline: Gaspart**

Figo‚Äôs departure led to a period of madness: at board level, as new president Gaspart spent money like a madman to try and make up for the loss of Figo, bringing in ever more hideously over-priced, sub-standard players on huge wages; and throughout the fanbase, as the fortunes of the team took a nose dive.

>‚ÄúIt's a sign of the times at the Camp Nou that Serra Ferrer could declare his satisfaction at a ""hard fought victory"" and claim that with two wins on the trot, Barcelona are starting to get things right. And against those giants of world football Club Brugge and Osasuna, too.‚Äù  
>  
>[Nov 2000 - Sid Lowe](https://www.theguardian.com/football/2000/nov/27/europeanfootball.sport)

The new manager, Llorenc Serra Ferrer, had no power, leaving control of team affairs largely in the hands of four Spanish veterans, led by the hugely influential but increasingly burnt out club captain Guardiola.

Guardiola was nearing the end of his endurance. As El Pais commented in the late 90s, Barca could not simply continue to use him as a symbol in the morning and a scapegoat in the afternoon. The departure of his good friend Figo (the godfather of his first child) and a string of other fellow homegrown players and veterans saddened him, and he grew increasingly isolated in his struggle to assert the voice and image of Barca that he believed in. The environment grew ever more toxic.

In 2001, Guardiola chose to leave Barca at the end of his contract. Many believed he was jumping before he could be pushed.

The departures of heavyweights such as Figo and Guardiola and chaos at boardroom level had led to a team who were often unmotivated, disorganised, and who no one any good really wanted to join. Fans described the team as 'Puyol and ten other blokes‚Äô, future captain Carles Puyol being the lone voice in the desert fighting against apathy and incompetence.

‚ÄúBar√ßa don't have a discernible first eleven, Luis Enrique is out injured, most of the fans never wanted Louis Van Gaal back in the first place, and the club is wracked by internal divisions, hidden agendas and economic difficulties which the president Joan Gaspart only seems to be making worse.

>The knives are out for Gaspart. His three-year presidency has reaped three managers, endless crises and no trophies - not even the Copa de Catalunya. And what little credit he had left was definitively lost with his ridiculous response to last week's derbi events \[Figo and the pig‚Äôs head\]; a response that even drew criticism from the vice-president of the government, Mariano Rajoy.‚Äù  
>  
>[Dec 2002 - Sid Lowe](https://www.theguardian.com/football/2002/dec/02/europeanfootball.sport2)

&#x200B;

>‚ÄúVan Gaal is gone but FC Barcelona are still a complete shambles. Not surprising really: what they really need is a change of president. Anyone really, just not Joan Gaspart - the man with a supporter's club named in his honour.  
>  
>A Real Madrid one.‚Äù  
>  
>[Feb 2003 - Sid Lowe](https://www.theguardian.com/football/2003/feb/03/europeanfootball.sport1)

&#x200B;

>‚ÄúOn Saturday night FC Barcelona were beaten 2-1 by hated rivals Real Madrid. It was their first league defeat in a Camp Nou derbi for twenty years‚Ä¶ Madrid have broken a twenty year run which was, quite honestly, about the only thing Bar√ßa fans could still cling to.‚Äù  
>  
>[Nov 2003 - Sid Lowe](https://www.theguardian.com/football/2003/nov/24/europeanfootball.sport1)

**Revival: Laporta and Rosell**

The presidential elections in 2003 brought about a revolution: Elefant Blau, the protest group which had tried to unseat Nunez and his ilk unsuccessfully in the past, won. Their leader Joan **Laporta** (a Cruyffista - the young lawyer of Johan Cruyff) became president. His right-hand man Sandro **Rosell** became vice-president and immediately set about using his connections to renew the squad. Laporta‚Äôs team of young professionals, determined to bring the club into the 21st century, was a breath of fresh air in an institution that badly needed it.

Johan Cruyff‚Äôs promotion of young players from Barcelona‚Äôs academy to form essentially a new team in 1996 didn‚Äôt go so well that time, but Cruyff‚Äôs innovative approach to youth development did change Barca for the better.

In the dawning days of Laporta‚Äôs revolution Barca‚Äôs homegrown players got together and made a pact. They were sick of winning nothing, of foreign star players being indulged and locker room chaos. They agreed that from then on, they would rule the side. This agreement sowed the seeds for one of the best teams ever. The key figures of this group were two young Catalans, Carles Puyol and Xavi Hernandez.

Rijkaard‚Äôs new team started the 2003-04 season appallingly but he managed to hang on and turn results around by mid-season.

Barca finished second, one place above the Real Madrid Galacticos, and Ronaldinho became a massive fan favourite. More than anything else, the amount of fun he seemed to have showcasing his skills on the pitch brought a sense of joy back to the Camp Nou at long last.

So the young, energised and modern board had finished second - but Laporta and Rosell fell out over who should have the final say in transfers and the role of Johan Cruyff, among other things. The conflict became bitter and personal.

In the season after that (04-05), Barca signed Deco and Samuel Eto'o, completing the Rijkaard template. A team inspired by the brilliance of Ronaldinho, the flair and bite of Deco and the lethal finishing of Eto'o finally pulled it together to win the league after five seasons of nothing.

**Bitter break up and the aborted start of an era: Laporta and Rosell**

Despite the success, vice-president Sandro Rosell resigned from the board at the end of the season, citing broken promises and inability to work with president Laporta. From being friends and partners with Laporta to sworn enemies in the space of a few years, the spectacular break-up of their friendship has shaped Barca ever since. From that day onwards, Rosell worked to bring Laporta down (and was eventually elected president in 2010).

To be entirely fair, there's plenty to dislike about Laporta.

Sid Lowe [wrote](https://www.theguardian.com/football/2005/oct/24/europeanfootball.sport2) in October of 2005:

>‚Äú\[Laporta is a\] paranoid football president who thinks he‚Äôs a national one. \[It\] emerged that director Alejandro Echevarr√≠a (and Laporta‚Äôs brother-in-law!) is a member of the Fundaci√≥n Nacional Francisco Franco - an organisation dedicated to the former dictator who ruled Spain with an iron fist for almost forty years. Having a director who's a member of the FNFF is a bit of downer for a club whose self-identity is all about Catalanisme, democracy and opposition to Franco. ‚ÄúEchevarr√≠a is not, never was and never will be a member of the Fundaci√≥n,"" \[Laporta\] insisted. Not the brightest decision ever - after all Bar√ßa could always claim that their democratic identity means that anyone, however politically embarrassing, can join up, whereas lying leaves no way back when the evidence is suddenly \[presented\].‚Äù  
>  
>Almost as embarrassing, in fact, as Laporta's ludicrous claim that: ""Echevarr√≠a can't possibly be a Francoist because he was only 10 when Franco died"". And this guy's a lawyer, for Christ's sake.‚Äù

However, after this revelation supporters didn‚Äôt hound Laporta too much at a game‚Ä¶ ‚Äúthanks not least to 18-year-old Argentinian Leo Messi - yet another New Maradona, except that he might actually be up to the task and he's the only one named after a Mr Man‚Äù, Lowe‚Äôs first mention of him.

Laporta also was furious with Pique for joining United at 17 - he vowed he‚Äôd never return (and of course changed his mind four years later).

The following season (05-06) was even better. The introduction of the fearsome frontline of Ronaldinho-Eto'o-Messi gave Barca new weapons to break teams down with. Leo broke into the first team with a bang, with electrifying performances against Juventus, Real Madrid, and especially Chelsea at Stamford Bridge. Barca finished the season by winning a double, with the Champions League trophy returning to Barcelona after 14 years away.

Many of the nice things we heard about Guardiola‚Äôs team were being said about Rijkaard‚Äôs, back then. Barca had the best player in the world in Ronaldinho and the upcoming superstar in Messi. It was supposed to be the beginning of an era.

**Decline: But Messi**

By 06-07, things started to go wrong. That‚Äôs the problem with winning: no matter how driven you are, everyone‚Äôs less hungry after they‚Äôve eaten.

Ronaldinho was joyful but never that driven. Whatever the reason, Ronaldinho, who had always liked a party, fell so far into an unprofessional lifestyle that he began to miss training sessions.

Eto'o got a serious injury, and fell out very publicly with Ronaldinho over the latter‚Äôs preferential treatment, general laziness and the fact that the club were committed to protecting his reputation with lies. This feud went all the way up to the boardroom - Rosell had very strong connections with Ronnie‚Äôs people, and Laporta and Eto'o were at this stage still pals.

While all around him floundered, supporters increasingly pinned all their hopes on the injury-prone but brilliant 19-year-old Messi. Leo scored a hattrick against Madrid in March 2007, one for every goal Barca let in at the other end. If he could have dragged Barca to the title, he would have. But his body kept betraying him.

Almost inevitably, Barca drew 2-2 with local rivals Espanyol at home during the second to last round, all but handing the title to Madrid.

At the start of 07-08, Barcelona finally ended a long-running and by then farcical transfer saga by signing Thierry Henry from Arsenal. (This combination of words will become annoyingly familiar.)

Henry was welcomed like a hero and immediately had to fill in for Eto'o because the latter suffered another serious injury in pre-season. He struggled to fit in, unfit and desperately missing his daughter.

The slackness that had crept into the team the season before became painfully apparent, especially when it came to Deco and Ronaldinho, two of the team‚Äôs key players. For fans who kept faith with Ronnie and with the reassurances of the club‚Äôs own media, it was a shock to read in reputable papers stories about him missing about 50% of the scheduled training sessions and partying away his evenings. Rijkaard had finally had enough and began to leave him out of match squads, using fitness as an excuse.

All this came to a head when fellow Brazilian Edmilson gave a rant about there being 'black sheep‚Äô in the locker room. You can imagine the press feeding frenzy that followed. Frank Rijkaard, whose players loved him for treating them like adults, was too distracted by family problems of his own to sort out an increasingly lazy, disaffected and conflict-ridden locker room. And so on it went.

In May, Barca faced the ugly prospect of having to give Madrid, who were already champions, a guard of honour at the Bernabeu. Rather than have to do this, Deco and Eto'o both earned what looked like deliberate yellow cards in the game immediately before the Clasico, enabling them to miss the game. This really pissed the fans off, sealed Deco‚Äôs fate and led to Eto'o falling out with Laporta.

Immediately after a 4-1 defeat to Madrid, Laporta sacked Rijkaard in a transparent attempt to save his own skin. The club finished third place, 18 points off Madrid. The entorno (‚Äùenvironment‚Äù, Cryuff‚Äôs word for the combination of media, former players/managers, power brokers and fanbase that makes Barca such a special basketcase) was in complete uproar, torn apart by disagreements and infighting.

As writer Phil Ball said at the end of 07-08: ‚ÄúBarcelona will want to sleep for a while, but hope that the nightmares cease. Adversity builds the character, and they can only hope to bury the negatives, take the few positives, and learn from their mistakes.‚Äù

**The Fairytale Years: Pep Guardiola**

President Joan Laporta remained a canny political operator in crisis mode. He knew that the continuation of his presidency hinged on making the right managerial appointment. In this task he was guided, as always, by his guru and idol Johan Cruyff, and by sporting director and ex-Dream Team player Txiki Begiristain.

Rijkaard‚Äôs replacement? Pep Guardiola.

Pep Guardiola had returned in 2007 to the club of his life where he‚Äôd been ballboy, trainee, player, captain and symbol to manage Barca‚Äôs B team, which had just suffered the indignity of relegation to the murky depths of the 4th division (this is even a parallel to how badly Xavi‚Äôs Qatar team is doing!). All his friends had told him that it was a potential career and reputation ruiner, and to stay away. But he knew what he had to do.

In desperation, and perhaps remembering an exchange a year earlier where Guardiola had expressed his willingness and readiness to take on the Barca job next year, Laporta now turned to Guardiola. In response, he got a list of demands.

Guardiola might have been taking on his first senior job, but he knew Barca. He knew he needed real power if anything was going to change, and he knew the board needed him to rally the fanbase. They gave him what he wanted, including the assistants and physios he named, Tito Vilanova as his second in command, an end to opening training sessions, and moving first team training away from the Camp Nou. From the day of his appointment, the power balance inside Barca changed.

The day after the appointment was announced, two club members launched a censure motion against the board, essentially a vote of no confidence. The campaign was hard-fought and dirty, accusations of Sandro Rosell‚Äôs involvement abounded, and Laporta emerged intact by the skin of his neck. The Guardiola maneuvre had saved him. For now.

Next came a painful clear-out. 7 members of the first team departed, including Ronaldinho and Deco, two key members of the Barca team that won a double just 2 years ago. They were replaced by a number of not high ticket but highly astute signings, the pick of which were young former La Masia defender Gerard Pique and rightback and all-around dynamo Dani Alves.

Guardiola looked at Rijkaard‚Äôs squad and saw a good team in its bones, even if it was in need of a refresher. He set about doing this by making sure that the key members of his new team were on board.

Unsettled players like Henry and Gudjohnsen were brought back into the fold, and most importantly Guardiola forged a quick and unbreakable bond with Leo Messi by taking his side in the absurd dispute between Messi and the club over his participation in the 2008 Olympics. Unlike the board, Guardiola saw that the club‚Äôs best interests were served in the long term by keeping Messi happy, rather than pissing him off over a short term conflict. (Sound familiar?) He made sure he was an ally to Messi from the beginning, invested in his development as a player and a person.

With the departure of Ronaldinho, the club captaincy was now held by four La Masia grads who had all been around for a good while (Carles Puyol, Xavi, Victor Valdes and Andres Iniesta). At the beginning of the season, the squad included 11 homegrown players, a state of affairs not seen in Barca for some time. The rumoured La Masia pact was coming to fruition, in the hands of a manager who would turn Barca into a team centred around homegrown talent.

Guardiola was in a good position to evaluate whether any of his former charges at the B team were ready for the first team. He chose two seemingly unremarkable kids and began starting them over more established and popular players. Far from welcoming this initiative, criticism and skepticism were the predominate initial responses, which Guardiola blithely ignored.

The two kids were Pedro, who went on to play a major part in Barca‚Äôs trophy haul of the next 7 years, and‚Ä¶ Sergio Busquets.

Most significantly, Pep Guardiola saw from the very beginning that young Leo Messi was the key component of his new team. He made sure that they understood each other, and rather than simply paying lip service to his importance, he continuously devised tactical changes to maximise Messi‚Äôs potential. The most significant of these changes was having Messi interchange with Eto‚Äôo and spend more time in the central no 9 role.

Pep had turned a demoralised rabble into something nobody could have ever anticipated. He had arrived with absolutely clear ideas of how he wanted the team to play, and he only needed to convince his players to buy into the high intensity pressing/passing game.

Barcelona entered into a swap deal with Inter in July 2009 to exchange Eto‚Äôo and a very large pile of cash for Zlatan Ibrahimovic. It was not a popular decision and at the time, Pep Guardiola famously explained away this decision by saying there was a lack of ‚Äúfeeling‚Äù between him and the Cameroonian. While the two of them had gotten off to perhaps the worst possible start (with Guardiola declaring that he wanted to sell Eto‚Äôo in 2008 and then changing his mind) and there had been hints of tension between these too-honest men during the season, this explanation didn‚Äôt stand up entirely to scrutiny even then.

The truth, as is often the case with Barca, was a lot more murky and complicated. The driving force behind the swap deal was two-fold. The first was the board. Laporta had previously been close to Eto‚Äôo but fell out with him over the way he ruled himself out for the memorably awful Madrid game in April 2008. The other person who had ruled himself out that day by getting deliberately booked, Deco, was cast off by Barca in 2008, while Eto‚Äôo bought himself another season by staving off interest from other clubs with his wage demands and performing well enough to convince Guardiola to give him a chance.

The board also had complicated financial imperatives for wanting rid of Eto‚Äôo. They pushed for him to go even more than Guardiola did, a fact which is completely forgotten now, because everyone was happy to let Guardiola take the blame at the time.

Then Zlatan came but ultimately Pep couldn‚Äôt make him work with the squad. Pep decided that Messi needed to play in the middle, and having tried and failed to make that work with Ibra, he knew that Ibra had to go.

**Bitter Break Up Continues: Laporta and Rosell**

In 2010, Laporta finished up his 2 terms as president of Barca. He was replaced by his ex-friend Sandro Rosell, who had spent the years since their falling out trying to unseat him by whatever means necessary.

Sandro Rosell‚Äôs entire presidency was about not being Joan Laporta. Laporta expanded membership and embraced globalism, so he used xenophobic justifications to restrict it to locals only. Using some creative accounting, he accused Laporta of nearly bankrupting the club and used the alleged state of the finances to justify a policy of austerity and introduce a paid shirt sponsor for the first time in the club‚Äôs history. Laporta was a rabid Cruyffista who had made Cruyff the honorary president of the club; Rosell stripped Cruyff of this position almost immediately.

In 2013, Barcelona‚Äôs radical ultras Boixos Nois returned to the Camp Nou - Laporta had banned them.

Rosell used the club as a tool to further his epic vendetta, going so far as to orchestrate an extraordinary lawsuit filed by the club against Laporta and his board for alleged financial mismanagement. (A lawsuit which was thrown out by the courts.)

Guardiola was wary of Rosell from the start. He did not approve of the lawsuit against Laporta and publicly said so. Worse, one of the first things Rosell did was to sell Dmytro Chygrynskiy against Guardiola‚Äôs wishes, citing the club‚Äôs need for cash. When Pep asked Rosell for squad reinforcements, particularly in defence, stories surfaced in the board-friendly media about how Pep didn‚Äôt want more signings because he wanted a smaller squad. This forced Guardiola into talking about the need for reinforcements in public.

Pep had gone through the same routine with Laporta in 2009. The difference there being that Laporta buckled and signed the defender Pep was after. Rosell never did.

""The way \[Barca\] is organised, there are only two options: either you‚Äôre the power or you aren‚Äôt the power. And, against my wishes, I have been forced to pick sides.‚Äù - Pep Guardiola to Marti Perarnau

Even during Laporta‚Äôs presidency, it could be argued that he was having to do too much, in part because others were doing too little. But at least Laporta was biddable, and they largely agreed on major issues.

With Rosell, there was either disagreement or a general deafening silence

In February 2011, Barca lost 2-1 to Arsenal in the first leg of their Champions League last 16 matchup. The furore that followed was typical Barca: it was the end of the world, this team was worse than the previous versions, this team was never any good, Messi and Iniesta were over the hill, Barca was in crisis. Pep asked for time because he knew his players.

In 1992, Cruyff‚Äôs Barcelona, with Pep in midfield, had won Barca‚Äôs first Champions League at Wembley Stadium. 19 years later, a team built on Cruyffista principles by Guardiola had come back to Wembley to close the circle.

In 2014, president Rosell resigned in disgrace over multiple scandals. He was replaced (unelected) by vice president **Bartomeu**.

**The Beginning of the End: Bartomeu**

In 2015, things went off the rails, despite the eventual result.

Club boards survive by putting up scapegoats. The board fired sporting director Zubizarreta - his assistant, one Carles Puyol, resigned his position. The Court of Arbitration for Sport confirmed FIFA‚Äôs sanction for Barca‚Äôs clear breach of the Transfer Regulations. Messi followed Chelsea on Instagram.

The local media reported some sort of conflict between Messi and manager Luis Enrique, along the lines of the locker room unrest rumours which were running wild since Barca lost to Madrid. There were further rumours that Luis Enrique had to be talked out of initiating disciplinary action against Messi by the other three captains (Xavi, Iniesta and Busquets). Local media fanned the flames of a supposed Messi v Enrique conflict and suggested that Enrique‚Äôs hiring was all Zubizarreta‚Äôs idea. One section of the local media was effectively in bed with the board.

The Rosell/Bartomeu board saw many instances of misconduct such as the Qatar shirt deal, the Neymar deal, breaking its promise to renew Eric Abidal‚Äôs contract after his illness, the failed lawsuit against the former board, secret deals signed with banned and fascist ultra groups, firing and reshuffling members of the medical and technical team against the wishes of the players, repeatedly misleading members about the state of Barca‚Äôs finances before and after 2010.

And finally: stealthily changing the bylaws so that anybody wishing to initiate a vote of no confidence against the board had to gather the signatures of 15% of all members in 5 days, instead of just 5%.

The FIFA ban was the first time they were rattled, and then Messi was on their back, which is the one thing they can‚Äôt survive, coupled with bad results. Bartomeu then called an election for later that year in January.

Of course, then the results got better in 2015 and they won everything.

By the time of the election in July 2015 this was no longer the case due to their success. Laporta was running against Bartomeu (Of the signatures Laporta needed to collect to stand, Cruyff‚Äôs support for him was not registered). Guardiola, Cruyff and Abidal all publicly supported Laporta. Bartomeu won.

**Current situation**

The central conflict that everything to do with Barca has revolved around for the past 30+ years is Cruyff v Nunez. They‚Äôre both dead now but that hasn‚Äôt changed a thing about the persistence of the conflict. The ‚Äúmodern‚Äù version of this conflict began with the rift between then-president Joan Laporta (Cruyffista) and then-VP Sandro Rosell in the 00s. The current board is a continuation of Rosell‚Äôs presidency, which began in 2010. Rosell‚Äôs presidency was controversial for many many reasons, among them his board‚Äôs open conflict with Pep Guardiola both during and after Guardiola‚Äôs extremely successful tenure as manager. The current president became president because Rosell resigned in disgrace and then had his position confirmed thanks to Luis Enrique‚Äôs on field success. Oh, and because his board sneakily changed the rules to make it harder to get rid of them. The board has repeatedly clashed with Leo Messi, both by members of the board making really dumb public statements and through their proxies in the local press. every time the fans become unhappy with the board they repeat the magic trick of firing someone else to take the heat off.

The board has treated Messi poorly for so long, making him a scapegoat in the morning and a saviour in the afternoon, taking it for granted that he wouldn‚Äôt want to leave.

‚Ä¶",2020-08-22 14:28:59
43,ie544w,BastianMobile,Post Match Thread: Inter vs Sevilla | UEFA Europa League [Sevilla win the 2019-20 Europa League],2388,soccer,https://www.reddit.com/r/soccer/comments/ie544w/post_match_thread_inter_vs_sevilla_uefa_europa/,1614,0.98,"# Sevilla 3:2 Inter
**Inter scorers:**
[R. Lukaku (6').](https://streamable.com/rukxes)
[D. Godin (36').](https://streamable.com/33xls9)


**Sevilla scorers:**
[L. De Jong (12').](https://streamja.com/LMl61)
[L. De Jong (34).](https://streamable.com/f6j009)
[D. Carlos (74).](https://streamja.com/0P0Xn)

**Venue:** RheinEnergieSTADION

**Sevilla win the 2019-20 Europa League.**

**Referee:** Danny Makkelie, Netherlands

---



# Lineups


**Inter**

(3-5-2): Handanovic; Godin, De Vrij, Bastoni; D'Ambrosio, Barella, Brozovic, Gagliardini, Young; Lukaku, L. Martinez. 

**Subs:** Padelli, Ranocchia, Skriniar, Pirola, Biraghi, Candreva, Moses, Sensi, B. Valero, Eriksen, Sanchez, Esposito.

**Coach:** A. Conte

---


**Sevilla**

(4-3-3): Bono, Navas, Kounde, Diego Carlos, Reguilon, Jordan, Fernando, Banega, Suso, De Jong, Ocampos.

**Subs:** Vaclik, Javi Diaz, Sergi Gomez, Escudero, Pablo Perez, Genaro, Gudelj, Oliver Torres, F. Vazquez, Lara, Munir, de Jong.

**Coach:** J. Lopetegui

---


# MATCH EVENTS

3: A clumsy foul by Diego Carlos (Sevilla) and Danny Makkelie blows his whistle. It's a penalty! Great chance to score for Inter!

6: **Romelu Lukaku (Inter) strikes a great penalty kick that ends up in the back of the net!**

12: **Goal! The credit goes to Luuk de Jong (Sevilla).**

17: That looked a certain handball by Diego Carlos (Sevilla) inside the box, but the ref wasn't having it and just played on. NO penalty!

22: Lucas Ocampos (Sevilla) creates a yard of space for himself and tries an effort from the edge of the box, but it goes just wide of the left post. The ball goes out of play and Inter will have a goal kick.

34: **Goal! Luuk de Jong (Sevilla) coolly slots the ball home after a brilliant team effort.**

36: **Perfectly taken free kick! Marcelo Brozovic sends the ball in, Diego Godin (Inter) manages to jump highest near the penalty spot and plants a cracking header inside the left post. It's 2:2.**

45:2 Lucas Ocampos (Sevilla) latches onto a precise cross from the free kick and produces a header at goal from the penalty spot, but his attempt towards the roof of the net fails to beat Samir Handanovic, who makes a fine save.

45+2: Danny Makkelie has ended the first half by blowing the whistle.

---

50: Sergio Reguilon (Sevilla) tries to create a chance, but puts too much weight on his pass. The ball goes out of play and Inter will have a goal kick.

51: Dangerous play by Diego Carlos (Sevilla). Danny Makkelie blows his whistle for a foul. Inter get a free kick.

55: Danny Makkelie shows a yellow card to Alessandro Bastoni (Inter) for his blatant foul.

59: Ashley Young (Inter) neatly controls a driven pass on the edge of the box, glances up and cracks a beautiful drive goalwards that sails just over the bar. The ball goes out of play and Sevilla will have a goal kick.

61: Lucas Ocampos (Sevilla) tries to catch the keeper off guard from long range, but the effort sails well wide of the right post. The ball goes out of play and Inter will have a goal kick.

65: Romelu Lukaku (Inter) bursts into the box after a fine solo run. He looks up and tries to rifle a shot low into the middle of the goal, but Bono makes a great save to deny him his moment of glory.
 
69: The game is interrupted now, Lucas Ocampos (Sevilla) picks up a knock and the physio has to come on.

Substitution. Munir El Haddadi (Sevilla) on for Lucas Ocampos.

72: Ashley Young (Inter) attempts to find one of his teammates with a ball from a free kick outside the box. The goalkeeper climbs high above all the players in the box to intercept the cross and snuff out the opportunity.

75: **What a GOAL that is! Diego Carlos (Sevilla) showed great determination to get to the ball inside the box and acrobatically launched himself into the air and produced a scissor kick of the highest quality to leave Samir Handanovic helpless. He makes it 3:2.**

77: Substitution. Suso will be replaced by Franco Vazquez (Sevilla).

Antonio Conte has decided to make a change. Christian Eriksen (Inter) replaces Roberto Gagliardini.

78: Substitution. Lautaro Martinez is replaced by Alexis Sanchez (Inter). 

The referee signals a substitution. Victor Moses (Inter) is brought on as a substitute for Danilo D'Ambrosio.

85: Alexis Sanchez (Inter) is the first to arrive to a rebound inside the penalty area and unleashes a quick strike towards the bottom left corner that beats the keeper. One of the defenders, however, makes a goal-line clearance.

88: Marcelo Brozovic (Inter) is obviously not following the Golden Rule: ‚ÄûTreat others as you want to be treated.‚Äú He makes a bad challenge and leaves Danny Makkelie with no other option than to blow for a foul. It's a free kick to Sevilla, but they probably won't attempt a direct shot on goal.

90+1:There will be a minimum of 6 min. of added time.

90+6: Full time!

---

# Full time. Sevilla are crowned the 2019-20 Europa League winners.",2020-08-22 10:24:16
44,ie6w2t,Nouri34ever,"Stefan de Vrij has now finished as runner-up in the Eredivisie, KNVB Cup, Coppa Italia, Serie A, Europa League and Nations League without ever winning a major trophy.",1480,soccer,https://en.wikipedia.org/wiki/Stefan_de_Vrij#Honours,90,0.99,,2020-08-22 12:03:31
45,ie3kye,TomasRoncero,Sevilla [2]-1 Internazionale [2020 UEFA Europa League Final]: Luuk De Jong goal 33',2415,soccer,https://streamable.com/f6j009,311,0.98,,2020-08-22 09:03:46
46,ie57nr,FlyingArab,"With their Europa League win, Sevilla will be in pot 1 in next season's Champions League. Inter Milan will be in pot 3",1567,soccer,https://twitter.com/DaleJohnsonESPN/status/1296914270870016000,204,0.98,,2020-08-22 10:29:48
47,ie5eqg,chaiiguevara,Sky Sport Italia and Gazzetta dello Sport claim Ever Banega mocked Antonio Conte's hair during touchline row. Inter coach said he'd 'see him after the game',1392,soccer,https://www.football-italia.net/157464/liveblog-europa-final-sevilla-v-inter?mobile=off,206,0.98,,2020-08-22 10:40:23
48,idvmsm,Nikodiai,Harry Maguire attempted to escape by running away from the Greek officers as he shouted and cursed at them.,10638,soccer,https://www.gazzetta.gr/football/premier-league/article/1505825/magkoyair-odigithike-ston-eisaggelea,855,0.99,,2020-08-22 01:47:48
49,ie31bh,TomasRoncero,Sevilla 0-1 Internazionale [2020 UEFA Europa League Final]: Romelu Lukaku penalty goal 5',1955,soccer,https://streamable.com/rukxes,401,0.98,,2020-08-22 08:35:30
50,ie3meg,TomasRoncero,Sevilla 2-[2] Internazionale [2020 UEFA Europa League Final]: Diego Godin goal 35',1707,soccer,https://streamable.com/33xls9,355,0.98,,2020-08-22 09:06:01
51,ieggwe,Disisakeelin,"Neymar: ‚ÄúWinning the CL is special, but winning it with PSG would be even more special because it would enter history, and that's exactly what I came here to do. The semifinal was a very good performance, but no one remembers who wins the semis. Bayern will be a very big test and we'll be ready.‚Äú",103,soccer,https://canal-supporters.com/2020/08/neymar-gagner-la-ligue-des-champions-avec-le-psg-serait-encore-plus-special/,52,0.92,,2020-08-23 00:25:20
52,ie367h,PSGAcademy,Sevilla [1] - 1 Inter - De Jong 12' [2020 UEFA Europa League Final],1793,soccer,https://streamja.com/LMl61,214,0.98,,2020-08-22 08:42:30
53,ie6olf,KatalanMarshall,[Club Mitjanit/CatRadio] Messi Case: He wants to continue competing at the maximum level outside Bar√ßa because he wants to win titles. The situation would have been different if Bartomeu had left and Xavi had come. Messi doesn't feel comfortable with Bartomeu,979,soccer,https://twitter.com/ClubMitjanit/status/1296932924248424449?s=19,338,0.97,,2020-08-22 11:51:23
54,ie67o6,Infenix13,"Antonio Conte to @SkySport: ""We're going to meet on next week with the club and we'll decide about my future. I'm not sure that I'll be the Inter manager on next season, we'll decide together. Inter will plan the future with or without me..."" ‚ö´Ô∏èüîµ #Inter #Conte",1053,soccer,https://twitter.com/fabrizioromano/status/1296928553645285376?s=21,363,0.98,,2020-08-22 11:24:56
55,ie7t6m,WeTalkBoxing,"Chilwell, Thiago Silva and Havertz. #Chelsea is ready to complete the three transfers early next week. Great players, including Werner and Ziyech. The deal with #lcfc for #Chilwell is very close (¬£ 45 + 5 add ons), but before #CFC must sell Emerson (Alonso will stay). @SkySport",773,soccer,https://twitter.com/angelomangiante/status/1296945096580005890?s=21,427,0.96,,2020-08-22 12:59:31
56,ie7u3o,KarimMostafaBenzema,"Alexandra Jonson: How could Jesus Navas not cry when he went to lift the trophy that is so associated with his friends that are no longer here, while wearing the number Puerta used to wear and the captain armband that used to sit around Reyes arm?",735,soccer,https://twitter.com/alexandrajonson/status/1296949382655483906?s=21,47,0.97,,2020-08-22 13:01:04
57,ief4db,Bushuazoo,"Luis Su√°rez: ""I don't mind being a substitute for the next season at Barcelona""",130,soccer,https://twitter.com/marca/status/1297090745841717248?s=09,69,0.94,,2020-08-22 22:17:10
58,iefass,melikdavid,"Barcelona offered around ‚Ç¨10M for Eric Garcia. They await a response from Manchester City. If City says ‚ÄúNo‚Äù, they will wait until the final stretch of the market. Barcelona‚Äôs most favorable asset is that they have the player‚Äôs ‚ÄúOK‚Äù to join.[Mundo Deportivo]",117,soccer,https://www.mundodeportivo.com/futbol/fc-barcelona/20200822/482925191046/barca-city-eric-garcia-todibo.html,125,0.98,,2020-08-22 22:35:32
59,ie66w2,Tedinasuit,UEFA has officially chosen Luuk de Jong as MOTM after scoring 2 goals in the Europa League final.,849,soccer,https://twitter.com/EuropaLeague/status/1296924457345449991?s=19,41,0.98,,2020-08-22 11:23:42
60,ie8cbt,romeovf,US special forces veteran arrested for passing secrets to Russia,31086,news,https://www.bbc.com/news/world-us-canada-53869484,1095,0.96,,2020-08-22 13:31:43
61,ie7lem,SadlyGnocchi,Ex-Navy SEAL and Butte native who says he killed Osama bin Laden banned from Delta Air,8723,news,https://www.kpax.com/news/national-news/ex-navy-seal-and-butte-native-who-says-he-killed-osama-bin-laden-banned-from-delta-after-maskless-selfie,1128,0.95,,2020-08-22 12:46:00
62,ieeo1t,mikespoo,"Cannabis consumption after work doesn‚Äôt negatively impact job performance, according to the latest survey published in the journal Group & Organizational Management",936,news,https://growcola.com/cannabis-consumption-after-work-doesnt-negatively-impact-job-performance/,185,0.95,,2020-08-22 21:32:58
63,ie2u4v,Kronickiller125,Lori Loughlin Sentenced to Prison for College Admissions Scandal 2 months.,25600,news,https://www.usmagazine.com/celebrity-news/news/lori-loughlin-officially-sentenced-to-prison-amid-college-scandal/,1801,0.95,,2020-08-22 08:25:09
64,ie939p,FortuitousAdroit,Yuma Inmates Allege Prison Officials Ordered Them To Refuse COVID-19 Testing To Keep Numbers Down,2610,news,https://kjzz.org/content/1611602/yuma-inmates-allege-prison-officials-ordered-them-refuse-covid-19-testing-keep,71,0.97,,2020-08-22 14:20:20
65,ie14w6,RedditGreenit,Activists find camera inside mysterious box on power pole near union organizer‚Äôs home,42264,news,https://www.fox13memphis.com/news/local/activists-find-camera-inside-mysterious-box-power-pole-near-union-organizers-home/5WCLOAMMBRGYBEJDGH6C74ITBU/,1912,0.94,,2020-08-22 06:57:11
66,ieb70s,Beast-Emperor,Federal judge effectively blocks a 175-guest wedding from happening this Saturday as the case winds through the legal process,1444,news,https://www.cnn.com/2020/08/21/us/ny-covid-wedding-appeal/index.html,149,0.96,,2020-08-22 16:45:52
67,ie1d0f,wankerbait,Officials in multiple states caught off guard by USPS ban on witnessing absentee ballots,6680,news,https://www.cnn.com/2020/08/21/politics/postal-workers-absentee-ballot-witnesses/index.html,602,0.97,,2020-08-22 07:08:50
68,ie15w0,JG_melon,Golden State Killer sentenced to life without possibility of parole,4872,news,https://www.nbcnews.com/news/us-news/golden-state-killer-joseph-deangelo-sentenced-life-without-possibility-parole-n1237670,353,0.98,,2020-08-22 06:58:42
69,ie3y8h,Siberiapete,Ailing scientist is trying to save his life by becoming world's first full-fledged cyborg,2776,news,https://ottawacitizen.com/health/this-ailing-scientist-is-trying-to-save-his-life-by-becoming-worlds-first-full-fledged-cyborg/wcm/6cc2e62d-763a-489c-aaab-51351aa1b257?utm_medium=Social&utm_source=Facebook#Echobox=1597801504,245,0.97,,2020-08-22 09:23:18
70,idwafa,Smithman,Man dies in Arizona after being restrained by police on hot tarmac for six minutes,118804,news,https://news.sky.com/story/man-dies-in-arizona-after-being-restrained-by-police-on-hot-tarmac-for-six-minutes-12053541,14361,0.88,,2020-08-22 02:32:01
71,iegbgz,mitchanium,Red Hot Chili Peppers: Guitarist Jack Sherman dies aged 64,146,news,https://www.bbc.co.uk/news/entertainment-arts-53873198,6,0.96,,2020-08-23 00:12:16
72,ie612b,Beast-Emperor,3-day music festival underway in Oklahoma amid coronavirus pandemic,1025,news,https://www.nbcnews.com/news/us-news/3-day-music-festival-underway-oklahoma-amid-coronavirus-pandemic-n1237689,160,0.94,,2020-08-22 11:14:34
73,iebe1c,Ocean_Beast,Tennessee Governor Bill Lee signs bill upping penalties on some protests,240,news,https://www.newschannel5.com/news/tennessee-gov-signs-bill-upping-penalties-on-some-protests,79,0.93,,2020-08-22 17:00:06
74,iecdir,Raichu_A_Love_Song,"Officers in Lafayette, LA fatally shoot man with a knife as he's walking away.",187,news,https://www.katc.com/news/lafayette-parish/lafayette-police-on-scene-of-shooting-on-evangeline-thruway,120,0.88,,2020-08-22 18:13:22
75,ie58ru,geoxol,Pentagon: Use of surveillance planes in protests was legal,765,news,https://apnews.com/4e3b87f50be81b25b3060eff7c61a253,127,0.94,,2020-08-22 10:31:25
76,idziw7,Grimscythe90,"KKK recruitment flyers found in, and near, North Arkansas",1853,news,https://www.nwahomepage.com/news/kkk-recruitment-flyers-found-in-and-near-baxter-county/,297,0.93,,2020-08-22 05:35:06
77,idrvob,Saint_eX,Belarusian museum director who refused to sign false election protocol found dead,47116,news,http://khpg.org/en/index.php?id=1597789267&fbclid=IwAR0TszHB5J_sEHt6ZRBnzMWuVCH_Ec2t8stvpSs8vt32sUnZYkVOlRXYnoY,1168,0.96,,2020-08-21 20:20:37
78,idtpyq,TheGamerDanYT,"For the first time in more than 100 years, the extremely rare wolverine has returned to Mount Rainier National Park",6701,news,https://www.cnn.com/2020/08/20/us/wolverines-return-to-mount-rainier-for-the-first-time-in-100-years-trnd/index.html,216,0.98,,2020-08-21 23:10:16
79,ie2y8b,DICK-FUCK-PUSSY-SUCK,"Sen. Cassidy tests positive for virus, has COVID-19 symptoms",982,news,https://www.pbs.org/newshour/health/sen-cassidy-tests-positive-for-virus-has-covid-19-symptoms,184,0.94,,2020-08-22 08:31:06
80,ieex3l,trisha_22,California fires: Governor asks Australia and Canada for help,68,news,https://www.bbc.com/news/world-us-canada-53828150,29,0.89,,2020-08-22 21:57:04
81,iea8yy,Pedalsproket,62 year old man arrested in connection with human remains found in West Seattle,204,news,https://www.westsideseattle.com/robinson-papers/2020/08/20/62-year-old-man-arrested-connection-human-remains-found-west-seattle,20,0.95,,2020-08-22 15:38:58
82,idxl7y,in2thedeepwego,"80-year-old man attacked in Lancaster grocery store bathroom dies of injuries, family says",1814,news,https://www.foxla.com/news/80-year-old-man-attacked-in-lancaster-grocery-store-bathroom-dies-of-injuries-family-says,213,0.96,,2020-08-22 03:49:55
83,ieds52,evil_magic_monkey,Twitch streamers furious at Burger King for exploitative advertising on their channels,89,news,https://www.bbc.co.uk/news/newsbeat-53862091,47,0.84,,2020-08-22 20:13:00
84,ie8efu,BearsNecessity,'Severe inhumanity': California prisons overwhelmed by Covid outbreaks and approaching fires,286,news,https://www.theguardian.com/us-news/2020/aug/21/california-fires-prisons-covid-outbreaks,42,0.87,,2020-08-22 13:35:18
85,idrwp2,Wubbysandwubbysonly,Leaked photos show disassembled USPS machines in Montana,8344,news,https://nbcmontana.com/news/local/leaked-photos-show-disassembled-usps-machines-in-montana,974,0.95,,2020-08-21 20:23:04
86,iduk35,thinkB4WeSpeak,Another Fort hood soldier has gone missing,3248,news,https://www.armytimes.com/news/your-army/2020/08/20/another-fort-hood-soldier-has-gone-missing/,438,0.97,,2020-08-22 00:22:20
87,iebpvf,Miso_Eodum,Plane carrying Russian opposition leader Alexei Navalny leaves for Germany,126,news,https://www.cbsnews.com/news/alexei-navalny-russian-opposition-leader-coma-poisoning-berlin-treatment/,29,0.92,,2020-08-22 17:24:00
88,iegi1n,sawrubthegreat2020,Red Hot Chili Peppers guitarist Sherman dies at 64,36,news,https://www.bbc.com/news/entertainment-arts-53873198,2,0.88,,2020-08-23 00:28:13
89,idyb0c,fbreaker,Groups: Muslim detainees at Miami facility are served pork,1302,news,https://whdh.com/news/groups-muslim-detainees-at-miami-facility-are-served-pork/,529,0.89,,2020-08-22 04:30:17
